{
  "model": "unsloth/gemma-4-E4B-it-UD-MLX-4bit",
  "seed": 42,
  "n_per_condition": 30,
  "n_layers": 42,
  "elapsed_s": 67.42472577095032,
  "classification": {
    "SyA vs GA": {
      "best_layer": 26,
      "accuracy": 0.9,
      "std": 0.06236095644623234,
      "significant": true
    },
    "SyA vs Neutral": {
      "best_layer": 2,
      "accuracy": 1.0,
      "std": 0.0,
      "significant": true
    },
    "GA vs Neutral": {
      "best_layer": 2,
      "accuracy": 1.0,
      "std": 0.0,
      "significant": true
    },
    "SyPr vs Neutral": {
      "best_layer": 1,
      "accuracy": 1.0,
      "std": 0.0,
      "significant": true
    },
    "SyA vs SyPr": {
      "best_layer": 3,
      "accuracy": 1.0,
      "std": 0.0,
      "significant": true
    },
    "GA vs SyPr": {
      "best_layer": 1,
      "accuracy": 1.0,
      "std": 0.0,
      "significant": true
    }
  },
  "orthogonality": {
    "SyA-Neutral vs GA-Neutral": {
      "mean_cosine": 0.6863721135424052,
      "interpretation": "ALIGNED"
    },
    "SyA-Neutral vs SyPr-Neutral": {
      "mean_cosine": 0.48389920715391876,
      "interpretation": "WEAKLY RELATED"
    },
    "GA-Neutral vs SyPr-Neutral": {
      "mean_cosine": 0.47712631759523,
      "interpretation": "WEAKLY RELATED"
    },
    "SyA-GA vs SyA-SyPr": {
      "mean_cosine": 0.23876672101648228,
      "interpretation": "WEAKLY RELATED"
    }
  },
  "comparison_cosines": {
    "SyA-Neutral vs GA-Neutral": [
      0.9669048530247787,
      0.9380849754628706,
      0.9547068976604809,
      0.9643705858080645,
      0.9687383369866311,
      0.9663744913981549,
      0.9830497180800719,
      0.9827430974568758,
      0.9795611471672458,
      0.9776527858717617,
      0.9805318188835492,
      0.9699333212170564,
      0.9798095092926018,
      0.980911520565058,
      0.9805175994163579,
      0.9816744010147762,
      0.9802536519747227,
      0.9760777174808357,
      0.9707772343864753,
      0.9569238869865876,
      0.8515249311181883,
      0.8536646099769946,
      0.8352454165664592,
      0.7432464012000299,
      0.7740309604688912,
      0.7484091525903278,
      0.7435935452597076,
      0.7330825345675406,
      0.7597786960552079,
      0.7627233684205653,
      0.6558222408317871,
      0.6291015407911227,
      0.6044219516015958,
      0.6028287586091599,
      0.6114774353482926,
      0.6270683178071162,
      0.6388531796261638,
      0.6165525252118423,
      0.6063411546742572,
      0.6035935623379438,
      0.5937979010955667,
      0.6701811313499382
    ],
    "SyA-Neutral vs SyPr-Neutral": [
      0.841432917595899,
      0.5636992631546662,
      0.6247029318984878,
      0.5618125170947187,
      0.642270731303261,
      0.6963936343195951,
      0.3592978327567019,
      0.4808985269501042,
      0.5861960137707195,
      0.4926342031268507,
      0.6060453724838785,
      0.6703670814393399,
      0.6071548578332187,
      0.5831608285731745,
      0.5584932400919358,
      0.5452442442143864,
      0.5477024237447182,
      0.558959779075825,
      0.5627746107663836,
      0.5516965065182103,
      0.5640674179756043,
      0.5238242679863678,
      0.5225397445481346,
      0.5756653692545315,
      0.5101777177687237,
      0.4754731673402052,
      0.44936176441908365,
      0.4492200726567731,
      0.42497477040630605,
      0.4888729123215314,
      0.5114474556458495,
      0.4606601609933171,
      0.4688390123976024,
      0.4579555000651918,
      0.4684995741728537,
      0.4992396471443744,
      0.49338871869060436,
      0.4805603000594819,
      0.4764786779491479,
      0.4435724494842571,
      0.44017180347684287,
      0.5409602634511144
    ],
    "GA-Neutral vs SyPr-Neutral": [
      0.7417533469015329,
      0.6466827637623171,
      0.7304946215905559,
      0.6302859541753619,
      0.6953032585841423,
      0.7316458455391113,
      0.34226285003195495,
      0.4435654629982312,
      0.5638749318270488,
      0.4557190738063623,
      0.6027165395663436,
      0.6750671643146642,
      0.611992475889962,
      0.5766948410488695,
      0.547202810301733,
      0.5339001829209247,
      0.5451860328544779,
      0.5556929280941265,
      0.5563553731374894,
      0.5421684218981317,
      0.5469706309781992,
      0.5062487850981621,
      0.515071745230272,
      0.5450580533681312,
      0.5241978850518003,
      0.4682758951753939,
      0.44642680385974953,
      0.4066183041935157,
      0.3549831091902548,
      0.4535093169731638,
      0.5118250386440882,
      0.5245529022193103,
      0.4707446126166624,
      0.4739110693071884,
      0.47230733725732643,
      0.49196758871254775,
      0.4944849046281047,
      0.4630868769118147,
      0.45740508746811803,
      0.42559033076423647,
      0.41537929459682177,
      0.5980077282331686
    ],
    "SyA-GA vs SyA-SyPr": [
      0.1277080712181748,
      0.42775377152199867,
      0.5779663291577759,
      0.40650499022231124,
      0.39056185977680324,
      0.3352822304735372,
      -0.13209258893527556,
      -0.17091151642263036,
      -0.06330082388221989,
      -0.13549548961029226,
      0.06060156868728623,
      0.14305241873052163,
      0.11327181889406743,
      0.04132419888812303,
      0.028559782820745165,
      0.010658581751013875,
      0.04328717850617377,
      0.04911594439106408,
      0.04666632381407074,
      0.06022600223431422,
      0.16195645270758213,
      0.13939961917263152,
      0.14560623381404056,
      0.19853872248684556,
      0.23686100721535558,
      0.21392307298581248,
      0.22152071642269094,
      0.14746851098292876,
      0.08471989217701187,
      0.16334193106365164,
      0.28213866727803955,
      0.3736816592362279,
      0.2922089587429043,
      0.30696564285125794,
      0.29266874826093026,
      0.2801025648218589,
      0.28069398479183605,
      0.26077357908887716,
      0.26123920065076206,
      0.25261290215828786,
      0.2455179124247135,
      0.3341176147194639
    ]
  }
}